RFID NO,Owner
HR5520220000001,barjraj
GJ0120220000002,aakash
PB0220220000003,aamir hussain
MH0220220000004,abhishek
KA0120220000005,adnan
KA0120220000006,ajay kumar
KA0120220000007,akash gupta
KA0120220000008,akash gupta
KA0120220000009,akhilesh
KA0120220000010,alka
KA0120220000011,aman soni
KA0120220000012,amarjeet
KA0120220000013,amit
KA0120220000014,amit
KA0120220000015,anita
KA0120220000016,anit
KA0120220000017,anjali
KA0120220000018,ankit
KA0120220000019,anshu
KA0120220000020,arindra
KA0120220000021,arjun
KA0120220000022,ashfaq
KA0120220000023,aslam allam
KA0120220000024,azaruddin
KA0120220000025,babita
KA0120220000026,basnti
KA0120220000027,bhanwar lal
KA0120220000028,bhawana jat
KA0120220000029,bhupender
KA0120220000030,champa karketta
KA0120220000031,chanchal
KA0120220000032,chandesh
KA0120220000033,chango uraon
KA0120220000034,deepak
KA0120220000035,deepak
KA0120220000036,dharam singh
KA0120220000037,dinesh kumar
KA0120220000038,dipendra kumar
KA0120220000039,divya
KA0120220000040,doodhnath pandit
KA0120220000041,gajender singh
KA0120220000042,gulbasha
KA0120220000043,gulfam
KA0120220000044,gulshan
KA01202200000045,gungun
KA0120220000046,hamida khatun
KA0120220000047,har parsad
KA0120220000048,hoor bano
KA0120220000049,huma khan
KA0120220000050,ilema
KA0120220000051,iqra
KA0120220000052,irfan
KA0120220000053,isha
KA0120220000054,jahoor ahmed meer
KA0120220000055,jitender kumar
KA0120220000056,jyoti
KA0120220000057,kailash kumar
KA0120220000058,kajal
KA0120220000059,kajal
KA0120220000060,kajal choudhary
KA0120220000061,kalyani patro
KA0120220000062,kamal jit singh
KA0120220000063,kamni
KA0120220000064,kasid
KA0120220000065,kausal kumar
KA0120220000066,kaushaliya
KA0120220000067,kayamuddin
KA0120220000068,khadak singh
MP0420220000069,khushboo
MP0420220000070,khushbu
TN0120220000071,khushi
TN0120220000072,kiran devi
TN0120220000073,kishan
TN0120220000074,kishan rai
TN0120220000075,km. guddi
TN0120220000076,koshal
TN0120220000077,krishka
TN0120220000078,lala bhai
TN0120220000079,lalit kathuriya
TN0120220000080,laxmi devi w/o late sh hukan chand
UK0720220000081,layba noor
DL1020220000082,mala devi
DL1020220000083,mangla urf mangi bai
DL1020220000084,manju devi
DL1020220000085,mazida
DL1020220000086,md mustafa
DL1020220000087,meena
DL1020220000088,meera
DL1020220000089,midda
DL1020220000090,mobsheera haider (shadiya)
HR5120220000091,mohd aakib
HR5520220000092,mohd ataullah
HR5520220000093,mohd khairul
HR5520220000094,mohit maan
HR5520220000095,monika
HR5520220000096,monika
HR5520220000097,montu
HR5520220000098,moti lal
HR5520220000099,mubshshira
HR5520220000100,mukul yadav
HR5520220000101,mustaq
HR5520220000102,nagma khatoon
HR5520220000103,nandkishore karpenter
HR5520220000104,naziya siddiqui
HR5520220000105,neelam
HR5520220000106,neeraj kumar
HR5520220000107,neeru
HR5520220000108,neha
HR5520220000109,nikita senger
HR5520220000110,nilam devi
HR2620220000111,nitin
HR2620220000112,nitu kumari
HR2620220000113,parveen
HR2620220000114,parvesh
HR2620220000115,phoolwati @ phoolo devi
HR2620220000116,pinki
HR2620220000117,pintu thakur
HR2620220000118,pooja
HR2620220000119,pooja
HR2620220000120,pooja
HR2620220000121,pooja
HR2620220000122,pooja
HR2620220000123,pooja kashyap
HR2620220000124,pooran chand
HR2620220000125,pooran chand sharma
HR2620220000126,poornima
HR2620220000127,preeti
TS1220220000128,pritam singh
TS1220220000129,priti
TS1220220000130,priya jain
TS1220220000131,pulkit sharma
TS1220220000132,raghunandan das
MP0920220000133,rahila maqbool
RJ1420220000134,rahul
RJ1420220000135,rahul
RJ1420220000136,rahul
KA0120220000137,rahul sharma
WB0220220000138,rahul sharma
WB0220220000139,rajkumar chawla
KA0120220000140,rakesh sarkar
KA0120220000141,ram dutt gupta
MH0220220000142,ram pyare
MH0220220000143,ramkaran verma
MH0220220000144,ranju
MH0220220000145,reena
MH0220220000146,riyasat ali
MH0220220000147,rohit kumar
MH0220220000148,roshni
MH0220220000149,roshni
MH0220220000150,ruby
MH0220220000151,rupesh
MH0220220000152,sachin
MH0220220000153,sahar bano
MH0220220000154,salima
MH0220220000155,sanavvar
MH0220220000156,sandeep
MH0220220000157,sandeep
MH0220220000158,sandhya
MH0220220000159,sangeeta
MH0220220000160,sanjay
MH0220220000161,sanjay
MH0220220000162,seema
MH0220220000163,seema khatun
MH0220220000164,shafibul
MH0220220000165,shaid
MH0220220000166,sheak shakir
MH0220220000167,sheetal
MH0220220000168,shehnaz
MH0220220000169,shiv kumar
KA0920220000170,shiv kumari
MH3120220000171,shiv prakash
MH3120220000172,shiv shakti singh
DL1020220000173,shivani
DL1020220000174,shyam kumar
DL1020220000175,smt shyani devi
DL1020220000176,smt.farhana baigum
DL1020220000177,sohni
DL1020220000178,sona sarkar
DL1020220000179,sonam
DL1020220000180,sonam
DL1020220000181,sonia tiwari
DL1020220000182,subhash chand bhatia
DL1020220000183,sumit
DL1020220000184,sumit
DL1020220000185,sunita
UP1620220000186,sunita with her daughter
UP1620220000187,suraj singh
UP1620220000188,surender singh chauhan
UP1620220000189,tammanne
UP1620220000190,usha devi
MH1220220000191,vandana
MH1220220000192,veer bhan singh
MH1220220000193,vidhi
MH1220220000194,vijay virmani
MH1220220000195,vikas gupta
CG0420220000196,vikram singh
TN0120220000197,vinit katariya
KL0120220000198,vivek
TS1220220000199,vivek auhari
TS1220220000200,yash mittal
